d5c039b2-d6b4-6eae-bef0-1bb6d038ffa4,1993-10-23 10:00:00+0000,"Ray is young, charming, successful and the owner of a prosperous architect company. However, he has recently gone trough a very painful divorce. His friends try to cheer him up by showing him the positive sides of being single but for Ray marriage and stability is just too important. But when he meets Lena his gloom is quickly forgotten.",http://www.youtube.com/watch?v=gxpgBhVzT5s,0,Dream Lover,,"{'adultery', 'architect', 'divorce', 'marriage', 'mystery', 'nudity', 'paranoia', 'sex'}",9761d3d7-7fbd-4269-9988-6cfd4e188678
05dbfb6b-35c7-7bfe-a0eb-27db71b92ba9,1994-08-23 10:00:00+0000,"The mayor of a small town hires a bounty hunter to find his daughter's killer, but it turns out to be a very dangerous job.",http://www.youtube.com/watch?v=9X3fYTBl6ck,0,Raw Justice ,,"{'blackmail', 'explosion', 'nudity', 'prostitute', 'revenge', 'sex', 'violence'}",d0f60aa8-54a9-4840-b70c-fe562b68842b
dcdbd1f5-05db-997a-dced-648a8cd57d0a,1934-02-21 08:00:00+0000,"Ellie Andrews has just tied the knot with society aviator King Westley when she is whisked away to her father's yacht and out of King's clutches. Ellie jumps ship and eventually winds up on a bus headed back to her husband. Reluctantly she must accept the help of out-of- work reporter Peter Warne. Actually, Warne doesn't give her any choice: either she sticks with him until he gets her back to her husband, or he'll blow the whistle on Ellie to her father. Either way, Peter gets what he wants... a really juicy newspaper story!",http://www.youtube.com/watch?v=p0qbcJ-24UM,0,It Happened One Night,,"{'miami', 'reference to the big bad wolf', 'reporter'}",522b1fe2-2e36-4cef-a667-cd4237d08b89
65304429-8733-de36-05d7-8fecec779148,1996-07-03 10:00:00+0000,"After bowler Roy Munson swindles the wrong crowd and is left with a hook for a hand, he settles into impoverished obscurity. That is, until he uncovers the next big thing: an Amish kid named Ishmael. So, the corrupt and the hopelessly naïve hit the circuit intent on settling an old score with Big Ern.",http://www.youtube.com/watch?v=6LEuhBT4TUg,0,Kingpin ,,"{'biblical interpretation', 'bowling team', 'carriage', 'comb over', 'combover', 'female stripper', 'hair loss', 'handicap', 'inflatable doll', 'kingpin', 'sexual favor', 'sports film', 'star spangled banner', 'unlikely lovers'}",9761d3d7-7fbd-4269-9988-6cfd4e188678
3ba8dd58-9bd4-986d-0b85-a09609889f9e,1999-03-18 08:00:00+0000,"Clint Eastwood plays Steve Everett, a journalist recovering from alcoholism, given the task of covering the execution of murderer Frank Beechum (played by Isaiah Washington). Everett discovers that Beechum might be innocent, but has only a few hours to prove his theory and save Beechum's life.",http://www.youtube.com/watch?v=AHeMsNv1MNk,0,True Crime,,"{'ambition', 'death penalty', 'death row', 'doomed man', 'journalist', 'recovering alcoholic'}",522b1fe2-2e36-4cef-a667-cd4237d08b89
e42b2ba0-4344-8e6a-88a1-5ef8adf41b6a,2004-03-25 08:00:00+0000,"An eccentric, if not charming Southern professor and his crew pose as a band in order to rob a casino, all under the nose of his unsuspecting landlord: a sharp old woman.",http://www.youtube.com/watch?v=HNX6W0aXJqk,0,The Ladykillers ,,"{'church choir', 'duringcreditsstinger', 'garbage', 'hiding place'}",9761d3d7-7fbd-4269-9988-6cfd4e188678
6a0d1ffc-fa63-6079-c56f-b0a430045b92,1989-12-07 08:00:00+0000,"The Roses, Barbara and Oliver, live happily as a married couple. Then she starts to wonder what life would be like without Oliver, and likes what she sees. Both want to stay in the house, and so they begin a campaign to force each other to leave. In the middle of the fighting is D'Amato, the divorce lawyer. He gets to see how far both will go to get rid of the other, and boy do they go far.",http://www.youtube.com/watch?v=5ebv3i_9Ltc,0,The War of the Roses ,,"{'candelabrum', 'cat', 'gymnastics', 'hund', 'star-rechtsanwalt'}",9761d3d7-7fbd-4269-9988-6cfd4e188678
14ea7c97-a047-3ec7-1bc8-dfa4af849503,2013-11-14 08:00:00+0000,Documentary by John Pilger looks at the awful truth behind white Australia's dysfunctional relationship with Indigenous Australians,http://www.youtube.com/watch?v=ht8_5UlcgSQ,0,Utopia ,,{'australia'},9761d3d7-7fbd-4269-9988-6cfd4e188678
5c87d576-3906-32a3-8b49-5ceb4634f887,2011-03-11 08:00:00+0000,"Two misfit best friends incapable of growing up, whose direction is tested by an abandoned child, worn beyond his years; together they invent the family they've always needed.",http://www.youtube.com/watch?v=Kt2Kt_o25v0,0,A Bag of Hammers,,"{'alcohol', 'argument', 'bully', 'california', 'con', 'criminal', 'fight', 'homeless', 'misfit', 'suicide', 'theft', 'waitress'}",522b1fe2-2e36-4cef-a667-cd4237d08b89
2026eca1-9ddc-04ca-1e94-419766433091,1930-10-31 08:00:00+0000,"Breck Coleman leads a wagon train of pioneers through Indian attack, storms, deserts, swollen rivers, down cliffs and so on while looking for the murder of a trapper and falling in love with Ruth Cameron.",http://www.youtube.com/watch?v=QF75ts1gK_E,0,Big Trail ,,"{'mississippi', 'wagon train'}",9761d3d7-7fbd-4269-9988-6cfd4e188678
ce8dc78b-30aa-01b6-778a-a7aebe8faddd,1991-06-06 10:00:00+0000,"Five kids are left home when their mother leaves town on a three-month vacation, only to have their geriatric babysitter die of a heart attack, leading to the eldest teen, Sue Ellen, to scam her way into taking a job at a hip Los Angeles fashion company to feed and support her needy siblings.",http://www.youtube.com/watch?v=VDR9rilzaDU,0,Don't Tell Mom Babysitter Dead ,,"{'babysitter', 'children home alone', 'mom on holiday'}",522b1fe2-2e36-4cef-a667-cd4237d08b89
c3c92087-2e61-c809-7eff-b7e722b40d7e,2010-02-12 08:00:00+0000,"Young police officer Shane Cooper's first day on duty, after relocating to the small town of Red Hill, rapidly turns into a nightmare. News of a prison break, involving convicted murderer Jimmy Conway, sends the local law enforcement officers - led by the town's ruling presence, Old Bill - into a panic and leads to a terrifying and bloody confrontation.",http://www.youtube.com/watch?v=M9MouXxXREA,0,Red Hill,,{'aftercreditsstinger'},522b1fe2-2e36-4cef-a667-cd4237d08b89
7b090758-3299-7a2c-20f9-9f410e8478ab,1992-11-13 08:00:00+0000,A native American hero helps fight crooks.,http://www.youtube.com/watch?v=Ay0GHin-gQI,0,Desert Kickboxer ,,"{'kickboxer', 'native american', 'navajo', 'neo western', 'warrior'}",522b1fe2-2e36-4cef-a667-cd4237d08b89
68731055-8db2-e940-c91a-45c351722751,1999-10-14 10:00:00+0000,"By land, by air, and by sea, viewers can now experience the struggle that millions of creatures endure in the name of migration as wildlife photographers show just how deeply survival instincts have become ingrained into to the animals of planet Earth. From the monarch butterflies that swarm the highlands of Mexico to the birds who navigate by the stars and the millions of red crabs who make the perilous land journey across Christmas Island, this release offers a look at animal instinct in it's purest form.",http://www.youtube.com/watch?v=9I3Ue1ghJ9A,0,Amazing Journeys,,"{'imax', 'migration', 'nature', 'short', 'short film'}",522b1fe2-2e36-4cef-a667-cd4237d08b89
569e1950-ab66-9822-4a68-21300bc57225,2006-04-06 10:00:00+0000,An affair between the second in line to Britain's throne (Franco) and the princess of the feuding Irish (Myles) spells doom for the young lovers.,http://www.youtube.com/watch?v=LAJJay0Uv4M,0,Tristan & Isolde ,,"{'castle', 'hostility', 'in love with enemy', 'lovers', 'mord', 'rache', 'ritter', 'schlacht'}",522b1fe2-2e36-4cef-a667-cd4237d08b89
b7cd696d-ae4e-6bf8-333b-05911ef7f8ac,2007-09-25 10:00:00+0000,"When two brothers organize the robbery of their parents' jewelry store, the job goes horribly wrong, triggering a series of events that send them and their family hurtling towards a shattering climax.",http://www.youtube.com/watch?v=8Jhrxn7QVDc,0,Before the Devil Knows You're Dead,,"{'brother brother relationship', 'career', 'daughter', 'drug addiction', 'father', 'greed', 'hold-up robbery', 'investigation', 'office', 'shortage of money', 'woman between two men', 'workplace'}",d0f60aa8-54a9-4840-b70c-fe562b68842b
7e486aba-b077-4afd-1013-4785febe40b9,2008-11-12 08:00:00+0000,"Beautiful Carmen Colson and her ironworker husband Wayne are placed in the Federal Witness Protection program after witnessing an \"incident\". Thinking they are at last safe, they are targeted by an experienced hit man and a psychopathic young upstart killer.",http://www.youtube.com/watch?v=jxiUMyqyWPw,0,Killshot,,"{'hitman', 'kriminalfälle', 'thriller'}",d0f60aa8-54a9-4840-b70c-fe562b68842b
b0cc7106-6cbb-5849-3de8-ae366fc9cc3b,2006-06-27 10:00:00+0000,"Set 5 years after the end of Superman II, the film begins when Superman returns to discover his absence allowed Lex Luthor to walk free, and that those he was closest too felt abandoned and have moved on. Luthor plots his ultimate revenge that could see millions killed and change the face of the planet forever, as well as ridding himself of the Man Of Steel.",http://www.youtube.com/watch?v=SvB5SiSCQg8,0,Superman Returns,,"{'based on a comic', 'dc comics', 'invulnerability', 'kryptonite', 'lex luthor', 'save the world', 'sequel', 'superhero', 'superhuman strength', 'superman'}",d0f60aa8-54a9-4840-b70c-fe562b68842b
1297fc5f-17a5-def1-1f81-d794fecc464e,1973-06-13 10:00:00+0000,"The fifth and final episode in the Planet of the Apes series. After the collapse of human civilization, a community of intelligent apes led by Caesar lives in harmony with a group of humans. Gorilla General Aldo tries to cause an ape civil war and a community of human mutants who live beneath a destroyed city try to conquer those whom they perceive as enemies. All leading to the finale.",http://www.youtube.com/watch?v=K_M0nBKUurE,0,Battle for the Planet of the Apes ,,"{'ape', 'post-apocalypse'}",9761d3d7-7fbd-4269-9988-6cfd4e188678
812c643d-a3dc-f1ac-5bbd-ebbb53487031,1968-09-25 10:00:00+0000,Musical adaptation about an orphan who runs away from an orphanage and hooks up with a group of boys trained to be pickpockets by an elderly mentor.,http://www.youtube.com/watch?v=cw_ETnxuBys,0,Oliver ,,"{'orphan boy', 'pickpocket', 'victorian england'}",9761d3d7-7fbd-4269-9988-6cfd4e188678
9320e253-bb8d-8278-b98f-b958463ed542,1993-11-30 08:00:00+0000,"Jack Davis is a tough, outspoken cop who finds himself wrongly accused for the death of a fellow agent by the depraved and power hungry chief of Miami Customs, Martin Cullen. Disgraced and dismissed, Jack swears revenge and goes to work for Roberto Largo, a rich, evil Cuban crime boss, as bodyguard for his smoldering wife, Eva. Jack knows Largo is connected to his old boss Cullen and is determined to learn the secret that will bring him down. Trapped in a deadly game of cat and mouse, held captive by his passionate affair with Eva, Jack must figure out the significance of the mysterious Spanish Rose to survive.",http://www.youtube.com/watch?v=y6AzCTRV5rc,0,Point of Impact ,,"{'affair', 'bodyguard', 'cuban', 'deathxa0', 'miami', 'revenge'}",d0f60aa8-54a9-4840-b70c-fe562b68842b
4385a959-99f6-c8d3-a78f-86d026666ac3,1994-05-30 10:00:00+0000,"The Wiggles -- Australia's musical sensation for the preschool set -- return with a tribute to the joys of food. Youngsters will groove to the lively tunes as vocalist Greg Page, guitarist Murray Cook, keyboardist Jeff Fatt and guitarist Anthony Field play through 14 songs. Tracks include \"Hot Potato,\" \"Numbers Rhumba,\" \"The Monkey Dance,\" \"Pufferbillies,\" \"Crunchy Munchy Honey Cakes\" and \"Fruit Salad.\"",http://www.youtube.com/watch?v=PDJJBTwPnrc,0,The Wiggles - Yummy Yummy ,,{'kids'},d0f60aa8-54a9-4840-b70c-fe562b68842b
8d554369-71d9-40e4-8652-775ee846e9d4,2001-07-05 10:00:00+0000,"Liu Jian, an elite Chinese police officer, comes to Paris to arrest a Chinese drug lord. When Jian is betrayed by a French officer and framed for murder, he must go into hiding and find new allies.",http://www.youtube.com/watch?v=r0niCjov11A,0,Kiss of the Dragon,,"{'paris', 'prostitute', 'rauschgift'}",9761d3d7-7fbd-4269-9988-6cfd4e188678
87289101-5b9a-e8fe-c06f-b0351a345572,1980-03-27 08:00:00+0000,A renowned former army scout is hired by ranchers to hunt down rustlers but finds himself on trial for the murder of a boy when he carries out his job too well. Tom Horn finds that the simple skills he knows are of no help in dealing with the ambitions of ranchers and corrupt officials as progress marches over him and the old west.,http://www.youtube.com/watch?v=JEup61jsTq8,0,Tom Horn ,,"{'brutality', 'hero', 'justice', 'one man army', 'ranch', 'rancher', 'rustler', 'shootout', 'trial'}",d0f60aa8-54a9-4840-b70c-fe562b68842b
6ff8aca1-efe3-d5ad-e62e-327b4294e533,1985-10-10 10:00:00+0000,"Lane Meyer is obsessed with his girlfriend Beth and is crushed when she falls for the new captain of the ski team, Roy. After several failed suicide attempts, narrow escapes from the relentless paper boy, and nearly unbearable dinners at home with his crazy family, Lane finds a new love in French exchange student Monique Junot. Meanwhile, he must beat Roy on the slopes to regain his honor.",http://www.youtube.com/watch?v=DWTouGjZt6A,0,Better Off Dead ,,"{'aftercreditsstinger', 'duck', 'duringcreditsstinger', 'nerd', 'paperboy', 'skiing'}",d0f60aa8-54a9-4840-b70c-fe562b68842b
c93a7eb8-2766-091b-7e74-160d55f71256,1958-08-13 10:00:00+0000,"Two convicts, a white racist and an angry black, escape while chained to each other.",http://www.youtube.com/watch?v=fBrw8dmgarM,0,Defiant Ones ,,"{'bias', 'hostility', 'prison'}",522b1fe2-2e36-4cef-a667-cd4237d08b89
214153b1-ff89-022a-b059-b5a0b9629916,1997-09-25 10:00:00+0000,"Traditional Sunday dinners at Mama Joe's (Irma P. Hall) turn sour when sisters Teri (Vanessa L. Williams), Bird (Nia Long) and Maxine (Vivica A. Fox) start bringing their problems to the dinner table in this ensemble comedy. When tragedy strikes, it's up to grandson Ahmad (Brandon Hammond) to pull the family together and put the soul back into the family's weekly gatherings. Michael Beach, Mekhi P",http://www.youtube.com/watch?v=OijFtJ5iHzg,0,Soul Food ,,"{'family relationships', 'sister', 'unity'}",522b1fe2-2e36-4cef-a667-cd4237d08b89
99fd98e4-d819-0010-2ffd-ccffccb8cf77,1973-04-30 10:00:00+0000,A Mexican master (Alexandro Jodorowsky) leads a Christ figure (Horacio Salinas) and other disciples to a mountain of immortal wise men.,http://www.youtube.com/watch?v=V_k8oaeHsnc,0,The Holy Mountain,,"{'alchimist', 'blasphemie', 'christianity', 'gelddieb', 'indie', 'mexico', 'seventies', 'surrealismo'}",522b1fe2-2e36-4cef-a667-cd4237d08b89
21ff238c-186f-1d7a-492b-b3b448a9b5e6,2015-05-21 10:00:00+0000,"Legendary filmmaker Sam Raimi and director Gil Kenan reimagine and contemporize the classic tale about a family whose suburban home is invaded by angry spirits. When the terrifying apparitions escalate their attacks and take the youngest daughter, the family must come together to rescue her.",http://www.youtube.com/watch?v=VVVKCsUkRzw,0,Poltergeist,,"{'duringcreditsstinger', 'haunted house', 'poltergeist', 'remake'}",9761d3d7-7fbd-4269-9988-6cfd4e188678
bdc654bc-a4c1-9fe3-5e18-a025e2aea80e,1990-01-21 08:00:00+0000,"Young Jim Hawkins, while running the Benbow Inn with his mother, meets Captain Billy Bones, who dies at the inn while it is beseiged by buccaneers led by Blind Pew. Jim and his mother fight off the attackers and discover Billy Bones' treasure map for which the buccaneers had come. Jim agrees to sail on the S.S. Espaniola with Squire Trelawney and Dr. Livesey to find the treasure on a mysterious isiand. Upon arriving at the island, ship's cook and scaliwag Long John Silver leads a mutiny of crew members who want the treasure for themselves. Jim helps the Squire and Espaniola officers to survive the mutiny and fight back against Silver's men, who have taken over the Espaniola.",http://www.youtube.com/watch?v=WLZC2JQswu8,0,Treasure Island,,{'pirate'},522b1fe2-2e36-4cef-a667-cd4237d08b89
ff6ba80d-4192-bf41-9dc3-2371c7ff8caf,1997-08-28 10:00:00+0000,"A barbarian named Kull becomes ruler after defeating the old king in battle, thus receiving his crown. But direct heirs of the king, trying to topple Kull and regain the throne, bring an old witch queen Akivasha back to life. Their plan backfires, however, as Akivasha plans to have her demon lords rule the kingdom alone. The only thing that can stop her is the breath of the god Volka, and Kull.",http://www.youtube.com/watch?v=aLWayoYSLHA,0,Kull the Conqueror ,,"{'planetary configuration', 'schicksal', 'sword', 'sword fight'}",d0f60aa8-54a9-4840-b70c-fe562b68842b
74360cc1-1d4d-5cc1-f0af-f10a94822b99,1953-03-09 08:00:00+0000,A former boxer --now taxi driver-- gets mixed up with jewel thieves.,http://www.youtube.com/watch?v=FybpWxIaDwg,0,99 River Street,,"{'classic noir', 'ex-boxer', 'taxi driver'}",9761d3d7-7fbd-4269-9988-6cfd4e188678
d252ba35-f48b-0f7f-29ab-0649c56b1d75,2014-12-24 08:00:00+0000,Literature professor and gambler Jim Bennett's debt causes him to borrow money from his mother and a loan shark. Further complicating his situation is his relationship with one of his students. Will Bennett risk his life for a second chance?,http://www.youtube.com/watch?v=Y5gPQXbFs9Y,0,The Gambler,,"{'beating', 'gambler', 'gambling', 'gun', 'loan shark', 'professor'}",d0f60aa8-54a9-4840-b70c-fe562b68842b
fcb510a8-4609-33ae-f633-f84009fed09f,2009-03-31 10:00:00+0000,"A documentary about the White family of Boone County, West Virginia. The 1991 documentary The Dancing Outlaw focused on Jesco White, a famous mountain dancer. This film focuses on the other members of his family.",http://www.youtube.com/watch?v=w3ysuG2O0zw,0,The Wild Wonderful Whites of West Virginia,,"{'dancing', 'indie', 'west virginia'}",d0f60aa8-54a9-4840-b70c-fe562b68842b
15abf9e0-1273-2613-0456-fd9785bb80de,2001-04-03 10:00:00+0000,"A collection of artifacts from an archeological dig in Egypt are brought to the famous Louvre museum in Paris, and while experts are using a laser scanning device to determine the age of a sarcophagus, a ghostly spirit escapes and makes its way into the museum's electrical system.",http://www.youtube.com/watch?v=GRn8SdUcfAc,0,Belphegor: Phantom of the Louvre,,"{'mumie', 'mummy'}",9761d3d7-7fbd-4269-9988-6cfd4e188678
28522afd-4472-ef15-5c46-1f359d4e18f6,1995-11-20 08:00:00+0000,"A vengeful New York transit cop decides to steal a trainload of subway fares; his foster brother, a fellow cop, tries to protect him.",http://www.youtube.com/watch?v=qPPUmzK5pPc,0,Money Train ,,"{'brother brother relationship', 'new york city', 'new york subway', 'subway', 'train robbery'}",9761d3d7-7fbd-4269-9988-6cfd4e188678
7a331918-f048-4cca-24cb-5a12b081970b,1988-07-28 10:00:00+0000,A talented New York bartender takes a job at a bar in Jamaica and falls in love.,http://www.youtube.com/watch?v=9L2sog6VEdw,0,Cocktail ,,"{'ambition', 'bartender', 'from rags to riches', 'jamaica', 'new york', 'night life'}",9761d3d7-7fbd-4269-9988-6cfd4e188678
03567f33-4637-6413-2ede-8d76577f779a,1967-12-19 08:00:00+0000,"In the year 50 BC, Gaul is occupied by the Romans - nearly. But the small village of Asterix and his friends still resists the Roman legions with the aid of their druid's magic potion, which gives superhuman strength. Learning of this potion, a Roman centurion kidnaps the druid to get the secret formula out of him.",http://www.youtube.com/watch?v=C5Ig-sa3XAw,0,Asterix Le Gaulois ,,"{'ancient rome', 'asterix', 'galier', 'gallien', 'magic potion', 'roman', 'roman empire', 'rome'}",d0f60aa8-54a9-4840-b70c-fe562b68842b
88eb5ff7-6c5c-fe62-0fbf-37bd806dbc34,1968-07-17 10:00:00+0000,A young man gets in over his head when he convinces a small-town girl he's a secret agent.,http://www.youtube.com/watch?v=KDo_rs-cmAQ,0,Pretty Poison,,"{'cheerleader', 'cia', 'excitement'}",9761d3d7-7fbd-4269-9988-6cfd4e188678
62f39c31-1800-ff5d-4c43-3b7631e187fd,2008-05-31 10:00:00+0000,A sociopath gathers and drugs groups of college students to bring out their existing suicidal tendencies to the surface then walks among them to enjoy and record their deaths.,http://www.youtube.com/watch?v=YwVSEuIToYU,0,Freshman Psych,,"{'collage', 'drugs', 'students', 'therapy'}",522b1fe2-2e36-4cef-a667-cd4237d08b89
0dc67a4b-1788-3822-6db8-ffe2cab5cbc5,1970-03-25 08:00:00+0000,"The 5 Kao brothers, separated since childhood, are unaware that the master Teng Lung Manor, Lung Chen-feng has killed their father. All five, however, seek to defeat the vicious gangsters at the Manor.",http://www.youtube.com/watch?v=LUljf7zXZiA,0,Brothers Five ,,"{'brothers', 'female martial artist', 'kung fu', 'kung fu master', 'revenge', 'sword fighting'}",9761d3d7-7fbd-4269-9988-6cfd4e188678
03cfb81d-6c6c-4dc0-15c9-82aab3f490dd,1992-10-08 10:00:00+0000,An ex-British spy (Michael Caine) helps a U.S. diplomat's wife (Sean Young) and blows the lid off a deadly government cover-up.,http://www.youtube.com/watch?v=qGMKsgDs0uw,0,Blue Ice,,"{'agent', 'british', 'conspiracy', 'coverup', 'diplomat', 'espionage', 'government', 'secret', 'spy'}",9761d3d7-7fbd-4269-9988-6cfd4e188678
d8a883d5-d22d-3fff-8814-feb9946c599b,1929-06-05 08:00:00+0000,Un Chien Andalou is a classic European avant-garde surrealist film from the cooperation of Director Luis Buñuel and Salvador Dali. The film changed the way people made movies. Most famous is the scene of a woman’s eye being cut with a knife.,http://www.youtube.com/watch?v=BVbTEVfLksU,0,Un Chien Andalou,,"{'ant', 'cloud', 'dream', 'midnight movie', 'razor', 'surreal', 'surrealism'}",9761d3d7-7fbd-4269-9988-6cfd4e188678
c16f6fd4-fc3b-f14c-2d1d-b45582584fbe,1998-12-24 08:00:00+0000,"Based on the graphic novel by James Jones, The Thin Red Line tells the story of a group of men, an Army Rifle company called C-for-Charlie, who change, suffer, and ultimately make essential discoveries about themselves during the fierce World War II battle of Guadalcanal. It follows their journey, from the surprise of an unopposed landing, through the bloody and exhausting battles that follow, to the ultimate departure of those who survived. A powerful frontline cast - including Sean Penn, Nick Nolte, Woody Harrelson and George Clooney - explodes into action in this hauntingly realistic view of military and moral chaos in the Pacific during World War II.",http://www.youtube.com/watch?v=3chv4eYU2MQ,0,The Thin Red Line ,,"{'awol', 'based on novel', 'battle', 'battle assignment', 'commander', 'fighting', 'guadalcanal', 'infantry', 'invasion', 'japanese', 'jungle', 'marine corps', 'pacific', 'pacific island', 'rifle', 'second world war', 'sergeant', 'soldier', 'steel helmet', 'survival', 'u.s. army', 'wwii'}",522b1fe2-2e36-4cef-a667-cd4237d08b89
cd8c8aab-fca0-dbbb-78d2-a456c5b2b7af,1999-04-24 10:00:00+0000,"Shakespeare's comedy about two couples in love with the wrong partners, and how they are finally brought together rightly, thanks in part to the bungling work of Puck. It is completely in the language of the Bard, with Pfeiffer as the Fairy Queen and Kline as the one turned into her evening's lover with donkey ears.",http://www.youtube.com/watch?v=QYknOe7OluE,0,Midsummer Night's Dream ,,"{'fairy', 'lover', 'luck', 'promise', 'puck', 'shakespeare adaptation'}",9761d3d7-7fbd-4269-9988-6cfd4e188678
49044f51-7c52-a370-9625-9cb1bf945905,2009-01-18 08:00:00+0000,"The story of former UVF member Alistair Little. Twenty-five years after Little killed Joe Griffen's brother, the media arrange an auspicious meeting between the two.",http://www.youtube.com/watch?v=uZOE7HgvI3c,0,Five Minutes of Heaven ,,"{'cine independiente', 'indie', 'venganza'}",522b1fe2-2e36-4cef-a667-cd4237d08b89
2b26d1d1-1316-2740-0c48-889b6b60460f,2002-02-21 08:00:00+0000,"Lestat de Lioncourt is awakened from his slumber. Bored with his existence he has now become this generations new Rock God. While in the course of time, another has arisen, Akasha, the Queen of the Vampires and the Dammed. He want's immortal fame, his fellow vampires want him eternally dead for his betrayal, and the Queen want's him for her King. Who will be the first to reach him? Who shall win?",http://www.youtube.com/watch?v=2Gu9HtN05sc,0,Queen of the Damned,,"{'fatal attraction', 'light', 'music', 'queen', 'rockstar', 'secret society', 'spontaneous combustion', 'vampire'}",522b1fe2-2e36-4cef-a667-cd4237d08b89
583d3035-3001-90ca-a543-c20747634c45,1985-12-20 08:00:00+0000,"In a far-future time ruled by the supernatural, a young girl requests the help of a vampire hunter to kill the vampire who has bitten her and thus prevent her from becoming a vampire herself.",http://www.youtube.com/watch?v=30sedClm3BM,0,Vampire Hunter D ,,"{'count', 'vampire'}",522b1fe2-2e36-4cef-a667-cd4237d08b89
131cc743-b539-38b5-7594-8e9b0a643f9c,1973-08-31 10:00:00+0000,"Tara B. True is a flight attendant who makes a weekly swing through New York, Miami, and Los Angeles. In each city, she has a man: Edward, older and wealthy; Johnny, a beach bum with gambling debts; and, Davey, a rock musician on the cusp of success. Tara is a free spirit, faithful to each man in her own way, and so stunning that she dresses in a wig and ill-fitting uniform while she's working so men won't harass her constantly. The low-life whom Johnny is in debt to figures out a way to use Tara to help him execute a daring in-flight robbery. But will Tara stand by helplessly, or is superchick ready for action?",http://www.youtube.com/watch?v=owmRNoiPxHo,0,Superchick,,{'stewardess'},9761d3d7-7fbd-4269-9988-6cfd4e188678
9e61248e-b407-5981-a8e3-09fd934f08a8,2000-12-31 08:00:00+0000,"FAA system analyzer named Neil McCabe is the only person who seems to have this different hunch towards a group of international terrorists after a horrific plane incident occured. He thinks that an evil genius computer hacker sets out and manipulate the computer electronical system which linked to several airplanes to cause destruction and tragedy. In order to prevent the mishap, McCabe and his teammate, Rudy, finds out about the machine used by the criminals which leads them to a psychotic thrilling fight between the terrorist.",http://www.youtube.com/watch?v=bO7Y-eeXhYg,0,Air Panic,,"{'airplane', 'airplane hijack', 'airport', 'aviation', 'disaster', 'disfigurement', 'insubordination', 'nuclear power plant', 'pilot', 'psychopath', 'suicidal', 'terrorism'}",522b1fe2-2e36-4cef-a667-cd4237d08b89
534baa00-3d32-dbba-fb58-ad88a47b2e17,1995-01-12 08:00:00+0000,"Teenager Angus adopts a stray dog and names him Yellow. Several days later, while travelling along the coast of British Columbia with Angus's father, John, the boy and dog become stranded when turbulent waters capsize their boat. Angus's parents relentlessly badger rescue teams. Angus, schooled by his father in wilderness survival skills, and assisted by the intelligent Yellow Dog, tries to attract rescuers.",http://www.youtube.com/watch?v=fHbI2fohgeI,0,Far From Home: The Adventures of Yellow Dog,,"{'boy and dog', 'wilderness'}",9761d3d7-7fbd-4269-9988-6cfd4e188678
059ef536-9614-bb21-456c-effbe1c03cf2,1995-01-12 08:00:00+0000,"Teenager Angus adopts a stray dog and names him Yellow. Several days later, while travelling along the coast of British Columbia with Angus's father, John, the boy and dog become stranded when turbulent waters capsize their boat. Angus's parents relentlessly badger rescue teams. Angus, schooled by his father in wilderness survival skills, and assisted by the intelligent Yellow Dog, tries to attract rescuers.",http://www.youtube.com/watch?v=fHbI2fohgeI,0,Far from Home: The Adventures of Yellow Dog ,,"{'boy and dog', 'wilderness'}",d0f60aa8-54a9-4840-b70c-fe562b68842b
48b73367-70d3-d9c4-9a73-1bb5da93d1ad,1956-05-31 10:00:00+0000,"A widescreen, Technicolor remake of Hitchcock's own 1934 film of the same title starring James Stewart and Doris Day. A couple vacationing in Morocco with their son accidentally stumble upon an assassination plot. When their son is kidnapped to ensure their silence, they have to take matters into their own hands to save him.",http://www.youtube.com/watch?v=Ft2smpFxJgY,0,The Man Who Knew Too Much,,"{'london', 'marocco', 'paranoia', 'scotland yard', 'suspense'}",522b1fe2-2e36-4cef-a667-cd4237d08b89
eee17b99-4487-7ae5-cc0a-cc180f0a8e98,1954-03-04 08:00:00+0000,"A scientific expedition searching for fossils along the Amazon River discover a prehistoric Gill-Man in the legendary Black Lagoon. The explorers capture the mysterious creature, but it breaks free. The Gill-Man returns to kidnap the lovely Kay, fiancée of one of the expedition, with whom it has fallen in love.",http://www.youtube.com/watch?v=lM1o1xe5FGE,0,Creature from the Black Lagoon,,"{'3d', 'boat', 'chase', 'classic horror', 'lagoon', 'water monster'}",522b1fe2-2e36-4cef-a667-cd4237d08b89
adde3e9e-a338-08be-1c06-bd160d7e5958,2000-05-12 10:00:00+0000,An orphaned dinosaur raised by lemurs joins an arduous trek to a sancturary after a meteorite shower destroys his family home.,http://www.youtube.com/watch?v=JuEeYemi-74,0,Dinosaur,,"{'asteroid', 'cataclysm', 'dinosaurier', 'komet', 'leader', 'lebensraum', 'lemur', 'nesting grounds', 'prehistoric', 'prehistoric adventure', 'prehistoric creature', 'prehistoric egg', 'prehistoric times', 'waisenmädchen', 'walt disney'}",9761d3d7-7fbd-4269-9988-6cfd4e188678
e1f1f35a-87a7-9c9d-664f-6bb4e228f51d,1948-09-12 10:00:00+0000,"Behind the locked doors of a mental institution resides crooked politico Judge Drake (Herbert Heyes), free from prosecution so long as he pretends to be crazy. To get the goods on Drake, private detective Ross Stewart has himself committed to the asylum as a patient. Meanwhile, reporter Kathy Lawrence (Lucille Bremer), posing as Stewart's wife, acts as his liaison to the outside world.",http://www.youtube.com/watch?v=yUoapa2lAZ4,0,Behind Locked Doors,,{'insane asylum'},9761d3d7-7fbd-4269-9988-6cfd4e188678
f84df4ce-2b48-9e4c-0a84-fc062e915067,2005-12-14 08:00:00+0000,A touching story of a deaf girl who is sent to an oil rig to take care of a man who has been blinded in a terrible accident. The girl has a special ability to communicate with the men on board and especially with her patient as they share intimate moments together that will change their lives forever.,http://www.youtube.com/watch?v=iPAFnmmJf_Y,0,The Secret Life of Words,,"{'depression', 'dubrovnik', 'dying and death', 'factory', 'factory worker', 'folter', 'hearing aid', 'loss of lover', 'nurse', 'war crimes', 'woman director', 'yugoslavia', 'Ölplattform'}",522b1fe2-2e36-4cef-a667-cd4237d08b89
dcc2bb41-d038-8969-d828-5d87a194230b,2002-05-23 10:00:00+0000,"On the run from an abusive husband, a young mother begins to train herself to fight back.",http://www.youtube.com/watch?v=kDBpzvxxhvk,0,Enough,,"{'seattle', 'self defense', 'suspense', 'violence against women', 'violent husband', 'waitress'}",522b1fe2-2e36-4cef-a667-cd4237d08b89
2c07c29e-909b-fb1f-21df-5db35ffa45a3,2007-12-23 08:00:00+0000,"Corporate billionaire Edward and working class mechanic Carter have nothing in common except for their terminal illnesses. While sharing a hospital room together, they decide to escape and do all the things they have ever wanted to do before they die according to their \"bucket list\". In the process, both of them heal each other, become unlikely friends, and ultimately find the joy in life.",http://www.youtube.com/watch?v=vc3mkG21ob4,0,The Bucket List,,"{'approach', 'brain tumor', 'car mechanic', 'casual meeting', 'daughter', 'dying and death', 'friendship between men', 'gathering', 'journey round the world', 'luxury', 'safari', 'sense of life', 'terminal illness', 'wife husband relationship', 'wish'}",d0f60aa8-54a9-4840-b70c-fe562b68842b
8c1c7faa-3860-5e02-7bfe-4cca8c26a8f7,1993-05-26 10:00:00+0000,"A young black woman discovers that her father was a sperm donor, and if that weren't bad enough, he's white.",http://www.youtube.com/watch?v=dPPN93A3RRs,0,Made in America ,,"{'anonymity', 'car dealer', 'high school', 'sperm donor'}",9761d3d7-7fbd-4269-9988-6cfd4e188678
120abf4c-2b26-00da-b930-d480229929a3,2002-04-25 10:00:00+0000,"Will Freeman is a hip Londoner who one day realizes that his friends are all involved with the responsibilities of married life and that leaves him alone in the cold. Passing himself off as a single father, he starts to meet a string of single mums, confident in his ability to leave them behind when they start to ask for a commitment. But Will's hope of a continued bachelorhood is interrupted when he meets 12-year old Marcus, in many ways his complete opposite.",http://www.youtube.com/watch?v=ie5m7NuWgXM,0,About a Boy,,"{'bachelor', 'becoming an adult', 'friendship', 'london', 'rap', 'rock and roll', 'single parent', 'singles'}",d0f60aa8-54a9-4840-b70c-fe562b68842b
351c9704-0410-e66d-d0c3-24d1084197ce,2013-11-07 08:00:00+0000,"While subjected to the horrors of WWII Germany, young Liesel finds solace by stealing books and sharing them with others. Under the stairs in her home, a Jewish refuge is being sheltered by her adoptive parents.",http://www.youtube.com/watch?v=92EBSmxinus,0,The Thief,,"{'book', 'jewish', 'nazi germany', 'second world war', 'world war two'}",522b1fe2-2e36-4cef-a667-cd4237d08b89
c3b37466-3d06-7836-bad2-c642bd352358,1991-12-26 08:00:00+0000,"Amidst her own personality crisis, southern housewife Evelyn Couch meets Ninny, an outgoing old woman who tells her the story of Idgie Threadgoode and Ruth Jamison, two young women who experienced hardships and love in Whistle Stop, Alabama in the 1920s.",http://www.youtube.com/watch?v=epG1GuOGYws,0,Fried Green Tomatoes ,,"{'bees', 'southern u.s.'}",9761d3d7-7fbd-4269-9988-6cfd4e188678
1e5be4e5-d589-5493-db5f-e3fa74ec365f,2002-02-28 08:00:00+0000,"Gyung-sun is a washed-up cab driver who has been trying to go straight after years in trouble with the law after being a big-time safecracker. Soo-jin wants to be a famous singer, but lives the life of a trophy girlfriend to her vicious gangster boyfriend. An unlikely situation cause these two different women to meet where they plan a daring solution to both their problems that will escalate and threaten the wrath of many powerful and corrupt people around them.",http://www.youtube.com/watch?v=sjQ1qgBWPXw,0,No Blood No Tears,,"{'crime', 'gambling'}",9761d3d7-7fbd-4269-9988-6cfd4e188678
5f5624d2-19ae-63bf-b804-bedc25b7072e,2000-10-26 10:00:00+0000,A television weatherman scams a local lottery.,http://www.youtube.com/watch?v=dFFdGYuHATI,0,Lucky Numbers,,"{'lottery', 'schulden', 'tv station', 'weather', 'weather forecast', 'wettermann', 'woman director'}",d0f60aa8-54a9-4840-b70c-fe562b68842b
d27aa6b6-7bdb-6df0-5944-48a398d8be2c,1999-09-16 10:00:00+0000,"The story of Rubin \"Hurricane\" Carter, a boxer wrongly imprisoned for murder, and the people who aided in his fight to prove his innocence.",http://www.youtube.com/watch?v=tsmszHWnO3k,0,The Hurricane ,,"{'biography', 'boxer', 'boxing match', 'boxing school', 'prison'}",9761d3d7-7fbd-4269-9988-6cfd4e188678
cd21e339-83f5-d2d0-5031-b4643658d103,1991-05-23 10:00:00+0000,They say a blast of flames can take a life ... and hide a secret. But now firemen brothers Brian and Stephen McCaffrey are battling each other over past slights while trying to stop an arsonist with a diabolical agenda from torching Chicago.,http://www.youtube.com/watch?v=DlXcUyFjNgA,0,Backdraft,,"{'arson', 'danger of life', 'fire', 'firefighter', 'firemen', 'office'}",9761d3d7-7fbd-4269-9988-6cfd4e188678
09b4514f-8737-05ce-3194-96785d9eeb35,2002-11-26 08:00:00+0000,"Adam Sandler invites you to share some holiday cheer in the new, no-holds-barred musical comedy Adam Sandler's 8 Crazy Nights. Davey Stone, a 33-year old party animal, finds himself in trouble with the law after his wild ways go too far.",http://www.youtube.com/watch?v=Xl0678yMJC4,0,Adam Sandler's Eight Crazy Nights ,,"{'adult animation', 'basketball', 'beer', 'christmas', 'drug', 'hanukkah', 'holiday', 'jewish', 'mall', 'musical', 'whiskey', 'zwilling'}",9761d3d7-7fbd-4269-9988-6cfd4e188678
ce7f206b-29ce-a02e-01af-484e75c91027,1997-09-12 10:00:00+0000,"The story revolves around an orphan girl who became a prostitute to survive and finds love with one of her clients. A young woman is tricked into prostitution, thinking she's going to sell beverages at a village store. She soon learns about the dark world of Korea's red-light districts, where a prostitute is exploited by johns, their pimps and society. She befriends one of her johns, a country bumpkin, who keeps in touch with her over the years. The film is a look at Korea's prostitution from the 1970s to the 1990s told through her story.",http://www.youtube.com/watch?v=rRLZTNY601o,0,Downfall,,"{'bare breasts', 'female nudity', 'female rear nudity', 'male nudity', 'male rear nudity', 'nudity', 'prostitution'}",522b1fe2-2e36-4cef-a667-cd4237d08b89
4f798f56-09ab-2665-45a3-2aabf75c0f62,2004-04-29 10:00:00+0000,"Cady Heron is a hit with The Plastics, the A-list girl clique at her new school, until she makes the mistake of falling for Aaron Samuels, the ex-boyfriend of alpha Plastic Regina George.",http://www.youtube.com/watch?v=6YjSIvmNjT8,0,Mean Girls,,"{'best friend', 'eating', 'gossip', 'high school', 'highschool', 'locker', 'women''s friendship'}",522b1fe2-2e36-4cef-a667-cd4237d08b89
84ac7031-7f9d-3f4e-8a10-b277ba63c196,2001-11-16 08:00:00+0000,A man confesses to an FBI agent his family's story of how his religious fanatic father's visions lead to a series of murders to destroy supposed \"demons.\",http://www.youtube.com/watch?v=b8-l6pN0mUQ,0,Frailty ,,"{'ax', 'dämon', 'fbi-agentin', 'loss of mother', 'serienkiller'}",d0f60aa8-54a9-4840-b70c-fe562b68842b
784e8e22-da87-4855-63dc-a1aea7575271,1964-12-31 08:00:00+0000,"A young girl is killed at the beach in Malibu. Professor Otto Lindsay suspects that it is some form of mutated fish. However, his son Richard, who was a good friend of the girl, thinks that it is a madman who has a grudge against Richard and his friends. Soon the list of victims grows to include one of Rich's surfing buddies, Rich's bitchy stepmother Vicky and his friend Mark who was crippled in an auto accident.",http://www.youtube.com/watch?v=cnlL4yKrD2s,0,The Beach Girls and the Monster ,,"{'beach', 'monster'}",d0f60aa8-54a9-4840-b70c-fe562b68842b
78bb2f44-2434-8e6c-061b-a95f175b2a58,1991-08-01 10:00:00+0000,"In this sequel to the 1980 classic, two children are stranded on a beautiful island in the South Pacific. With no adults to guide them, the two make a simple life together and eventually become tanned teenagers in love.",http://www.youtube.com/watch?v=iVz6-e8pjNE&hd=1,0,Return to the Blue Lagoon ,,"{'desert island', 'island', 'marooned', 'pacific island', 'teenagers', 'tropical island'}",522b1fe2-2e36-4cef-a667-cd4237d08b89
404f03d3-6562-677e-a07c-8be67571fb40,1979-08-14 10:00:00+0000,"At the height of the Vietnam war, Captain Benjamin Willard is sent on a dangerous mission that, officially, \"does not exist, nor will it ever exist.\" His goal is to locate - and eliminate - a mysterious Green Beret Colonel named Walter Kurtz, who has been leading his personal army on illegal guerrilla missions into enemy territory.",http://www.youtube.com/watch?v=CxENJ2LwecY,0,Apocalypse Now,,"{'apocalypse', 'cambodia', 'guerilla', 'jungle', 'river', 'tribe', 'vietcong'}",9761d3d7-7fbd-4269-9988-6cfd4e188678
b3e65afa-a4d6-6260-546d-da3c255a9279,2011-08-25 10:00:00+0000,"Troubled divorcee Mary Kee is tormented by a series of sinister phone calls from a mysterious woman. When the stranger reveals she's calling from the past, Mary tries to break off contact. But the caller doesn't like being ignored, and looks for revenge in a unique and terrifying way...",http://www.youtube.com/watch?v=GBO-H9EZW5c,0,Caller ,,"{'anonymous telephone call', 'divorcee', 'female nudity', 'female stalker', 'partial female nudity', 'sex scene'}",d0f60aa8-54a9-4840-b70c-fe562b68842b
e4cf6c6d-5303-19f1-9fea-503ab03bf3ce,1995-09-12 10:00:00+0000,"A lethal assassin for a secret Chinese organisation, who sheds tears of regret each time he kills, is seen swiftly and mercilessly executing three Yakuza gangsters by a beautiful artist. She is captivated by the grace of his kill and later falls in love with him. An intense power struggle for the leadership of the Yakuza Clans ensues as they seek vengeance for the death of their leader.",http://www.youtube.com/watch?v=p48T1DwvB-Y,0,Crying Freeman,,"{'artist', 'fight', 'hitman', 'killerin', 'mordzeugin', 'sekte', 'verlieben', 'yakuza'}",522b1fe2-2e36-4cef-a667-cd4237d08b89
0177da79-7088-d57b-ecd3-ceeec2fbc991,2000-07-06 10:00:00+0000,"Following on the heels of popular teen-scream horror movies, with uproarious comedy and biting satire. Marlon and Shawn Wayans, Shannon Elizabeth and Carmen Electra pitch in to skewer some of Hollywood's biggest blockbusters, including Scream, I Know What You Did Last Summer, The Matrix, American Pie and The Blair Witch Project.",http://www.youtube.com/watch?v=LPI47v23wo0,0,Scary Movie ,,"{'crude humor', 'drugs', 'garage', 'psychopath', 'sex'}",d0f60aa8-54a9-4840-b70c-fe562b68842b
82086c4c-14e7-1c71-2c57-86befedaeaf3,2003-12-18 08:00:00+0000,"The story of Katherine Ann Watson, a feminist teacher who studied at UCLA graduate school and in 1953 left her boyfriend behind in Los Angeles, California to teach at Wellesley College, a conservative women's private liberal arts college in Massachusetts, United States.",http://www.youtube.com/watch?v=TqSX57vIXIg,0,Mona Lisa Smile,,"{'art history', 'faculty', 'femininity', 'rowing', 'school nurse', 'teacher hero', 'womens issues'}",9761d3d7-7fbd-4269-9988-6cfd4e188678
94ec64cf-1ec4-bcd9-c283-1003ef7e55c0,1954-12-22 08:00:00+0000,"A ship sent to investigate a wave of mysterious sinkings encounters the advanced submarine, the Nautilus, commanded by Captain Nemo.",http://www.youtube.com/watch?v=Xhyuey4xU3Q,0,"20,000 Leagues Under the Sea",,"{'atlantis', 'captain', 'deep sea', 'diving', 'diving suit', 'harpunier', 'ocean', 'octopus', 'scuba', 'scuba diving', 'ship', 'submarine', 'undersea', 'underwater', 'war', 'war ship'}",d0f60aa8-54a9-4840-b70c-fe562b68842b
79f92842-57d5-237d-5763-48a1a970b79e,2003-05-29 10:00:00+0000,"After being betrayed and left for dead in Italy, Charlie Croker and his team plan an elaborate gold heist against their former ally.",http://www.youtube.com/watch?v=YT9VyEbUkCo,0,The Italian Job ,,"{'fast car', 'hollywood sign', 'subtitled scene', 'television news', 'television repair'}",522b1fe2-2e36-4cef-a667-cd4237d08b89
15af4ad2-a5e2-bbf9-3487-42487a82a56c,1993-04-29 10:00:00+0000,"An independent film starring Peter O'Toole and directed by Dror Soref. In modern-day Jerusalem, an Arab boy and a beautiful American tourist are accidentally entrusted with a priceless coin from the age of King Herod. Soon the two are falling in love and running for their lives from Emil Saber, a man obsessed with possessing the fabled coin at any cost.",http://www.youtube.com/watch?v=1I_bNzcukbM,0,The Seventh Coin ,,"{'american', 'arab', 'coin', 'jerusalem', 'king herod'}",522b1fe2-2e36-4cef-a667-cd4237d08b89
97ba0dc4-4585-29db-5bd2-0409d90acb01,1986-08-21 10:00:00+0000,"Young DJ Vantia Block is hosting a music show when two renegade hoodlums phone her and start making trouble. The situation changes rapidly as the kids drive to a passageway and get sawed to pieces by Leatherface while the shocked DJ listens the kids' screams. Local sheriff approaches Block and convinces her to play the recording made from the phone call on radio, hoping that the killers would show up.",http://www.youtube.com/watch?v=xUyEaYxTI2U,0,The Texas Chainsaw Massacre Part 2,,"{'b horror', 'chainsaw', 'gore', 'hammer', 'slasher'}",9761d3d7-7fbd-4269-9988-6cfd4e188678
b97d5227-b02a-2857-b4d8-929b3d4145f8,1999-06-29 10:00:00+0000,"When the four boys see an R-rated movie featuring Canadians Terrance and Philip, they are pronounced \"corrupted\", and their parents pressure the United States to wage war against Canada.",http://www.youtube.com/watch?v=PbMl6DjhJ1I,0,"South Park: Bigger, Longer & Uncut",,"{'adult animation', 'atheist', 'based on tv series', 'blood splatter', 'cartoon sex', 'child swearing', 'elementary school', 'friends who hate each other', 'gay', 'hell', 'mephisto', 'mount rushmore national memorial', 'saddam hussein', 'satan', 'sequel', 'shot to death', 'south park colorado', 'surrealism', 'swear word', 'us canada war', 'visions of hell', 'world supremacy'}",9761d3d7-7fbd-4269-9988-6cfd4e188678
0c258b0e-23b6-fa8b-50fc-9836ae2c4224,1947-12-14 08:00:00+0000,"From Wikipedia, the free encyclopedia. T-Men is a semidocumentary style 1947 film noir shot in black-and-white. The film was directed by Anthony Mann with cinematography by noted noir cameraman John Alton. The B-movie is featured in Visions Of Light: The Art Of Cinematography (1992) documentary for the drama's use of lighting. Description above from the Wikipedia article T-Men, licensed under CC-BY-SA, full list of contributors on Wikipedia.",http://www.youtube.com/watch?v=kiW-WS_QTjM,0,T-Men ,,"{'cine negro', 'classic noir', 'film noir', 'treasury department', 'undercover'}",d0f60aa8-54a9-4840-b70c-fe562b68842b
96c42f7a-23f3-a957-6abc-9af39c9a92ea,2011-01-03 08:00:00+0000,"Travel along with Thomas for a wonderfully wobbly and wheel-spinning good time! The No. 1 blue engine has bridges to cross and tracks to uncover in these exciting adventures. When Victor gets overloaded with too many tasks, can Thomas help him let out steam? And while trying to get Scruff as clean as a whistle, will Thomas have to get his own wheels dirty? Just when things seem to be rolling along, will Ol' Wheezy make a wobbly mess of Thomas' special delivery? Hold on for exciting surprises waiting to be delivered just for you! Featuring the episodes: Jumping Jobi Wood!, Thomas and Scruff, Victor Says Yes and Toby and the Whistling Woods. The Australian release contains two additional episode; Creaky Cranky and Tickled Pink.",http://www.youtube.com/watch?v=UuGtJLl9IYA,0,Thomas & Friends: Wobbly Wheels & Whistles,,{'kids'},9761d3d7-7fbd-4269-9988-6cfd4e188678
bd0e4ebd-c5fa-ef91-c30a-27cb3b41c482,2008-08-01 10:00:00+0000,"Youngsters called Kildren, who are destined to live eternally in their adolescence. The Kildren are conscious that every day could be the last, because they fight a war as entertainment, organized and operated by adults. But as they embrace the reality they are faced with, they live their day-to-day lives to the full.",http://www.youtube.com/watch?v=oddimR3JNcg,0,The Sky Crawlers,,"{'aftercreditsstinger', 'alternate reality', 'child smoking', 'meat pie', 'peace'}",522b1fe2-2e36-4cef-a667-cd4237d08b89
f656b266-c671-7ae9-f991-84963a35e212,2010-07-24 10:00:00+0000,"The quality of keyboardist/composer/bandleader Joe Zawinul's music remained unparalleled to the very end. This titan of the jazz world – whose innovative and genre-bending sensibilities gave rise to such visionary musical entities as Weather Report and the Zawinul Syndicate – took his final bow on September 11, 2007, at age 75 after a battle with cancer. Recorded in concert at a festival date in Lugano, Switzerland, on July 7, 2007, this aptly titled concert video is unwavering proof that Zawinul, like so many great artists, clearly saved some of his best work for last. This is a perfect companion piece to the 75 audio CD, which garnered a GRAMMY in 2010 for Best Contemporary Jazz Album.",http://www.youtube.com/watch?v=fRkutANfg-A,0,75th,,"{'live concert', 'zawinul'}",9761d3d7-7fbd-4269-9988-6cfd4e188678
46b3d0b7-4b02-bdd6-d2b8-5bb22ae95973,1975-04-24 10:00:00+0000,"A common thief (Depardieu) breaks into the house of a professional dominatrix (Ogier), and begins to help her \"train\" her clients. Though this world is alien to his experience, he finds himself falling in love with her. Eventually he discovers that she does this in order to support her son, and he attempts to help her out of this life, which she is not sure she really wants to leave.",http://www.youtube.com/watch?v=7QVBYbmHrPs,0,Maitresse ,,"{'dominatrix', 'erotismo', 'thief', 'wine'}",9761d3d7-7fbd-4269-9988-6cfd4e188678
826c8470-0090-4d29-0329-3cb172340bf7,1940-05-09 08:00:00+0000,Three ghosts try to help two young lovers whom they knew when alive.,http://www.youtube.com/watch?v=14Xq0-0CrdA,0,Beyond Tomorrow,,"{'ghosts', 'nurse', 'radio program', 'seduction'}",d0f60aa8-54a9-4840-b70c-fe562b68842b
c6244666-330a-004b-cc69-a85d62770bce,1948-03-25 10:00:00+0000,"In John Ford's sombre exploration the mythology of American heroes, he slowly reveals the character of Owen Thursday, who sees his new posting to the desolate Fort Apache as a chance to claim the military honour which he believes is rightfully his. Arrogant, obsessed with military form and ultimately self-destructive, Thursday attempts to destroy the Apache chief Cochise after luring him across the border from Mexico, against the advice of his subordinates.",http://www.youtube.com/watch?v=887kL8RpP-4,0,Fort Apache,,"{'apache', 'colonel'}",d0f60aa8-54a9-4840-b70c-fe562b68842b
e591b6ef-a17f-a799-dc48-06c701a30d3d,1996-09-27 10:00:00+0000,"A man who has failed as a father and husband commits a heist to make money for his fledging business, but things become complicated when his wife interferes.",http://www.youtube.com/watch?v=bVfNwv-vBlk,0,Blood and Wine,,"{'diamonds', 'fight', 'gun', 'heist', 'love', 'murder', 'neo-noir', 'robbery', 'robos'}",9761d3d7-7fbd-4269-9988-6cfd4e188678
533d204a-8d49-bd55-4151-118e97a77a88,2007-12-31 08:00:00+0000,"Little Tikes Land includes 4 CGI-animated stories featuring the Little Tikes and their friends. Meet Lily Tikes and LT Garcia! They love playing in their backyard, and through their imaginations, they are transported into fantastic adventures where they meet fun characters in enchanted lands! Episodes included are titled \"Rustee Rails Rides Again,\" \"Cozy's Big Day,\" \"Bubble Trouble,\" and \"The Search for Tubbie T. Bear,\" where the Little Tikes characters are taken through several whimsical adventures right in their own backyard, ranging from building a locomotive to exploring an underwater paradise.",http://www.youtube.com/watch?v=nGJAUqgzXIo,0,Little Tikes Land,,"{'computer animation', 'family', 'learning and teaching'}",522b1fe2-2e36-4cef-a667-cd4237d08b89
60253afb-89fb-ff47-6248-cc6e746ccaa4,1973-06-13 10:00:00+0000,The third instalment of in the Shaft film trilogy starring the loveable black bad-ass detective John Shaft. This time Shaft heads to Africa to help shut down people selling immigrants to Europe.,http://www.youtube.com/watch?v=3GnDPnl2H-4,0,Shaft in Africa ,,"{'africa', 'blaxploitation', 'circumcision', 'ethiopia', 'human trafficking', 'illegal immigration', 'language course', 'paris'}",d0f60aa8-54a9-4840-b70c-fe562b68842b
5a604f9f-578e-7ce7-fea6-7603be70d05b,1953-11-24 08:00:00+0000,"Army despatch rider Hondo Lane discovers a woman and her son living in the midst of warring Apaches, and he becomes their protector.",http://www.youtube.com/watch?v=1EO9SY09sVA,0,Hondo,,"{'apache', 'cavalry', 'indian', 'military officer'}",9761d3d7-7fbd-4269-9988-6cfd4e188678
c227444e-c5e7-629c-9b40-5877e9a017bf,1996-06-20 10:00:00+0000,"A pair of teenage boys growing up in a working-class neighborhood become aware of their homosexuality. While both were vaguely aware they might be gay, neither had ever acted on their impulses. Once they decide that they're attracted to each other, neither is sure just what to do.",http://www.youtube.com/watch?v=3jRl-xZxyvQ,0,Beautiful Thing ,,"{'coming out', 'gay', 'gay kiss', 'homosexual', 'homosexuality', 'london', 'summer', 'woman director'}",522b1fe2-2e36-4cef-a667-cd4237d08b89
af83833c-67ac-fdd5-0ac6-319aef0719b6,2010-09-24 10:00:00+0000,\"Beyond the steppes\" tells the story of a woman's forced journey to the steppes of Central Asia.,http://www.youtube.com/watch?v=yEoLntMCP7Y,0,BEYOND THE STEPPES,,{'woman director'},9761d3d7-7fbd-4269-9988-6cfd4e188678
a0238f78-147a-b492-5f6f-86ff89ca0407,1998-12-07 08:00:00+0000,"Vampire fledgling Michelle Morgan has escaped the grasp of her master Radu Vladislas. Found by a woman named Ana, she is taken to a hospital where a doctor claims to be able to cure her vampirism. Radu, recovering from the near-death delivered by Michelle and her friends, travels to Bucharest to follow his fledgling. He visits the vampire Ash's stronghold. Ash and his protege Serena plot to destroy Radu and employ the help of the humans, Ana and the Doctor.",http://www.youtube.com/watch?v=GTeBNIJCtRw,0,Subspecies 4: Bloodstorm,,"{'blood splatter', 'female vampire', 'master vampire', 'tomb', 'vampire'}",522b1fe2-2e36-4cef-a667-cd4237d08b89
8b73203a-84b3-ed1f-b1e9-ac25654df70e,1992-11-12 08:00:00+0000,"It is New Year's weekend and the friends of Peter (Fry) gather at his newly inherited country house. Ten years ago, they all acted together in a Cambridge University student comedy troupe, but it's less clear how much they have in common now.Peter's friends are Andrew (Branagh), now a writer in Hollywood; married jingle writers Roger (Laurie) and Mary (Staunton); glamorous costume designer Sarah (Emmanuel); and eccentric Maggie (Thompson), who works in publishing. Cast in sharp relief to the university chums are Carol (Rudner), the American TV star wife of Andrew; and loutish Brian (Slattery), Sarah's very recently acquired lover. Law plays Peter's disapproving housekeeper, Vera; and Lowe, her son Paul. Briers appears in a cameo role as Peter's father.",http://www.youtube.com/watch?v=GhfHLuhYPok,0,Peter's Friends,,"{'england', 'friend', 'new year''s eve', 'secret', 'weekend'}",d0f60aa8-54a9-4840-b70c-fe562b68842b
e16e9aa7-2f68-dd4f-afa4-4975785998ce,1987-03-05 08:00:00+0000,"The down-and-out private detective Harry Angel is ordered, by a mysterious man named Louis Cyphre, to go on a mission to find a missing person. His routine failure soon leads to a bloody spur with himself as Harry Angel goes on a supernatural journey into his soul.",http://www.youtube.com/watch?v=Vp0LXxkx7yA,0,Angel Heart,,"{'aggression by animal', 'amnesia', 'blut', 'drug addiction', 'fan', 'heart', 'inzest', 'kirche', 'mephisto', 'neurosis', 'new orleans', 'rauschgift', 'sanatorium', 'southern u.s.', 'visions'}",9761d3d7-7fbd-4269-9988-6cfd4e188678
aaf11774-b2cd-72fa-66da-15c3ab5811f6,2003-05-13 10:00:00+0000,"Will Graham, a former London crime boss who has left his former life to live as a recluse in the forest. Haunted by the blood of those he has murdered, Will wishes never to return. But when his brother commits suicide, following a sexual assault at the hands of a volatile car dealer, Will returns to London to discover the cause of his brother's death and administer justice to those responsible.",http://www.youtube.com/watch?v=c7EwZNZD6Ls,0,I'll Sleep When I'm Dead,,"{'rache', 'rape', 'suicide'}",d0f60aa8-54a9-4840-b70c-fe562b68842b
5eeb1261-34e7-94c8-2102-57a50f712732,1984-04-05 08:00:00+0000,"Bob McGraw is in his 12th year of college, goofing his way through life. Bob, Irwing, Gonzer and Max are the four losers forced and bribed to represent their university in an intercollegiate raft race. Forced and bribed into this role, they make some friends, the lovely Heather Merriweather, but mostly enemies, among others a whole team of marines, and preppy IVY-leaguers determined to win.",http://www.youtube.com/watch?v=fCNr4KtIY3Y,0,Up the Creek ,,"{'female nudity', 'nudity', 'race', 'raft', 'river', 'teen movie', 'university'}",d0f60aa8-54a9-4840-b70c-fe562b68842b
f52142fe-8ec9-fd83-b5de-1dc612893fee,1978-07-27 10:00:00+0000,"At a 1962 College, Dean Vernon Wormer is determined to expel the entire Delta Tau Chi Fraternity, but those troublemakers have other plans for him.",http://www.youtube.com/watch?v=KWjtI6n5xWM,0,Animal House ,,"{'angel and devil', 'animal feces', 'bra removing', 'cheerleader uniform', 'cleavage', 'dean', 'disciplinary hearing', 'door shut in face', 'fraternity', 'homecoming parade', 'neck brace', 'nude', 'nude girl', 'pirate costume'}",522b1fe2-2e36-4cef-a667-cd4237d08b89
d1379dd5-8a48-8e18-a812-63cffd2f8d25,2007-02-08 08:00:00+0000,"Adam Goldberg delivers \"an uproarious study in transatlantic culture panic\" as Jack, an anxious, hypochondriac-prone New Yorker vacationing throughout Europe with his breezy, free-spirited Parisian girlfriend, Marion. But when they make a two-day stop in Marion's hometown, the couple's romantic trip takes a turn as Jack is exposed to Marion's sexually perverse and emotionally unstable family.",http://www.youtube.com/watch?v=BePjI5H-tjM,0,2 Days in Paris,,"{'culture clash', 'indie', 'italo-american', 'paris', 'photographer', 'photography', 'relationship problems', 'restaurant owner', 'taxi', 'taxi driver', 'venice'}",522b1fe2-2e36-4cef-a667-cd4237d08b89
be472f6c-78e5-4b43-84d3-dadd79488f72,1971-02-09 08:00:00+0000,"After one schoolgirl is raped while taking a short cut through the local woods, and another is murdered in the same woods a few days later, the local police are baffled. With the help of a reporter from one of the local papers, and against the wishes of a psychologist at the local hospital, a young teacher at the school the girls attended uses herself as bait to lure the perpetrator out. Could it be the creepy husband of the head mistress at the school, the psychologist who seems to be taking an unusual interest in the case, or something altogether more sinister?",http://www.youtube.com/watch?v=vM6ajIUdbjA,0,In The Devil's Garden,,"{'hospital', 'murder', 'police', 'psychologist', 'rape', 'schoolgirl', 'stalker', 'voyeur', 'woods'}",d0f60aa8-54a9-4840-b70c-fe562b68842b
a8f78255-a5b5-7c59-47b2-2a6c388fb872,2006-01-09 08:00:00+0000,"Lucy wakes up in bed with a stranger and obviously from a night of drinking. She checks out and pays for the motel room on her account. Through her grandmother, she finds out her father is in town and pays him a visit. She agrees to go to his new church.",http://www.youtube.com/watch?v=NE9T-fib6Nw,0,Come Early Morning,,"{'bar', 'beer', 'blonde', 'cine independiente', 'hund', 'motel', 'one-night-stand', 'woman director'}",9761d3d7-7fbd-4269-9988-6cfd4e188678
0ad17113-67ce-0a78-8d7b-2e715cc9fa8a,1994-06-23 10:00:00+0000,"Covering the life and times of one of the West's most iconic heroes Wyatt Earp weaves an intricate tale of Earp and his friends and family. With a star studded cast, sweeping cinematography and authentic costumes Wyatt Earp led the way during the Western revival in the 90's.",http://www.youtube.com/watch?v=BS5n_Ql1v2k,0,Wyatt Earp,,"{'deputy sheriff', 'doc holliday', 'gambling', 'gunslinger', 'historical figure', 'sheriff', 'wretch', 'wyatt earp'}",d0f60aa8-54a9-4840-b70c-fe562b68842b
606d6bad-4fb0-eb0b-7d42-248766ba8c1b,1958-05-31 10:00:00+0000,"Baron Frankenstein, working under the protective pseudonym Dr. Victor Stein, together with his assistant Dr. Kleve transplants a dwarf's brain into another body. He creates a deranged cannibal. When Frankenstein's patients attack and kill him Dr Kleve performs the same operation transferring Frankenstein's brain into a new body. As Dr. Frank, the scientist can continue his career.",http://www.youtube.com/watch?v=PxrXFxOt5JA,0,The Revenge of Frankenstein,,"{'frankenstein', 'hammer horror'}",9761d3d7-7fbd-4269-9988-6cfd4e188678
a24d1bd9-aa0b-26a3-13c7-54f1680c7afe,1948-06-23 10:00:00+0000,"Based on Jay Dratler's novel The Pitfall, André de Toth's gripping film is a classic L.A. noir in the tradition of Detour, and shows the spiraling, epic consequences resulting from one fateful decision.",http://www.youtube.com/watch?v=v5IBCzVDgPI,0,Pitfall,,"{'affair', 'blackmail', 'classic noir', 'los angeles'}",9761d3d7-7fbd-4269-9988-6cfd4e188678
f35149a5-0867-6391-8f54-505f6ccbf0f7,1998-10-29 08:00:00+0000,"In the seventies Strange Fruit were it. They lived the rock lifestyle to the max, groupies, drugs, internal tension and an ex front man dead from an overdose. Even their demise was glamorous; when lightning struck the stage during an outdoor festival. 20 years on and these former rock gods they have now sunk deep into obscurity when the idea of a reunion tour is lodged in the head of Tony, former keyboard player of the Fruits. Tony sets out to find his former bandmates with the help of former manager Karen to see if they can recapture the magic and give themselves a second chance.",http://www.youtube.com/watch?v=PSSiMDxnVGg,0,Still Crazy,,"{'condom machine', 'rock band'}",9761d3d7-7fbd-4269-9988-6cfd4e188678
64934878-d23a-a676-6c84-61924c5980cf,2006-11-13 08:00:00+0000,"In this adaptation of Charles Dickens' A Christmas Carol, Daffy Duck is the greedy proprietor of the Lucky Duck Mega-Mart and all he can think about is the money to be made during the holiday season.",http://www.youtube.com/watch?v=xBsaV-KU0wc,0,Bah Humduck! A Looney Christmas,,{'holiday'},d0f60aa8-54a9-4840-b70c-fe562b68842b
fd6f0b33-25f1-c3fa-2e74-0a3acb1a0307,2000-04-27 10:00:00+0000,"The Flintstones are at it again. The Flintstones and the Rubbles head for Rock Vegas with Fred hoping to court the lovely Wilma. Nothing will stand in the way of love, except for the conniving Chip Rockefeller who is the playboy born in Baysville but who has made it in the cutthroat town of Rock Vegas. Will Fred win Wilma's love?",http://www.youtube.com/watch?v=9AyoYLD6_PE,0,The Flintstones in Viva Rock Vegas,,"{'beste freundin', 'dinosaurier', 'flirt', 'marriage proposal', 'stone age', 'waitress'}",9761d3d7-7fbd-4269-9988-6cfd4e188678
ca875697-2570-9ce3-f333-40daf5784610,2003-04-17 10:00:00+0000,"Stanley's family is cursed with bad luck. Unfairly sentenced to months of detention at Camp Green Lake, he and his campmates are forced by the warden to dig holes in order to build character. What they don't know is that they are digging holes in order to search for a lost treasure hidden somewhere in the camp.",http://www.youtube.com/watch?v=NEvLRtDKT0c,0,Holes,,"{'baseball player', 'curse', 'digging', 'false accusation', 'mountain climbing', 'reference to annabel lee', 'suitor'}",522b1fe2-2e36-4cef-a667-cd4237d08b89
074bf50f-cfd8-1348-fd12-12d9132aa729,1945-07-18 10:00:00+0000,"An easy-going cowboy is mistaken by the townsfolk for a notorious gunman. The cowboy decides it would be best to leave town, until he meets the gunman's girlfriend.",http://www.youtube.com/watch?v=neG3KMSDEuY,0,Along Came Jones ,,{'gunman'},522b1fe2-2e36-4cef-a667-cd4237d08b89
d27f7644-c93c-18b6-f038-b113a2628015,1985-10-29 08:00:00+0000,A small gold mining camp is terrorised by a ruthless land owner wanting to take their land. Clint Eastwood arrives riding a pale horse just as a young girl is praying to God to help the miners. He is revealed to be a preacher with mysterious and possible otherworldly origins who teams up with the miners to defeat the land owner and the corrupt sheriff.,http://www.youtube.com/watch?v=ePlyWlhobDU,0,Pale Rider ,,"{'blackmail', 'fremde frau', 'gewalttätigkeit', 'goldgräber', 'goldgräberstadt', 'gunslinger', 'killerin', 'marshall', 'minenbesitzer', 'prediger', 'settler', 'showdown'}",9761d3d7-7fbd-4269-9988-6cfd4e188678
d5684f5c-5ee8-1939-4ac8-cf17652e5504,1996-10-12 10:00:00+0000,"If These Walls Could Talk follows the plights of three different women and their experiences with abortion. Each of the three stories takes place in the same house in three different years: 1952, 1974, and 1996.",http://www.youtube.com/watch?v=21-ptEqzy0g,0,If These Walls Could Talk ,,"{'abortion', 'nurse', 'pregnancy', 'student', 'woman director'}",522b1fe2-2e36-4cef-a667-cd4237d08b89
f750836b-f1a0-d5ff-9ba9-56b596973af1,2003-02-06 08:00:00+0000,"An advice columnist, Andie Anderson (Kate Hudson), tries pushing the boundaries of what she can write about in her new piece about how to get a man to leave you in 10 days. Her editor, Lana (Bebe Neuwirth), loves it, and Andie goes off to find a man she can use for the experiment. Enter executive Ben Berry (Matthew McConaughey), who is so confident in his romantic prowess that he thinks he can make any woman fall in love with him in 10 days. When Andie and Ben meet, their plans backfire.",http://www.youtube.com/watch?v=0ZI67ux7aJY,0,How to Lose A Guy In 10 Days,,"{'advertising expert', 'bet', 'journalist', 'liebeschaos', 'new york', 'therapist'}",522b1fe2-2e36-4cef-a667-cd4237d08b89
db5cd0c1-7a27-a83c-0da2-fdf18c576243,1992-05-29 10:00:00+0000,"Based on a true story, one woman takes on the U.S. military and General Dynamics; maker of the F-16, thought to be the very best tactical fighter in the world. Air Force Captain Theodore T. Harduvel was one of the best F-16 pilots the U.S. had to offer. After much digging, Janet Harduvel discovers a joint military and General Dynamic cover-up. She proves to be unwavering in her search for the truth to clear his name.",http://www.youtube.com/watch?v=Qa0i5IPWrJI,0,Afterburn ,,"{'aviation', 'docudrama', 'f-16', 'figher plane', 'made for cable tv'}",522b1fe2-2e36-4cef-a667-cd4237d08b89
dceaf1a3-79cd-44dd-3a14-a8633d8b9329,2001-08-16 10:00:00+0000,"When a Midwest town learns that a corrupt railroad baron has captured the deeds to their homesteads without their knowledge, a group of young ranchers join forces to take back what is rightfully theirs. They will become the object of the biggest manhunt in the history of the Old West and, as their fame grows, so will the legend of their leader, a young outlaw by the name of Jessie James.",http://www.youtube.com/watch?v=vd-Ed4HB0-I,0,American Outlaws,,"{'horse', 'jesse james', 'outlaw', 'sheriff'}",9761d3d7-7fbd-4269-9988-6cfd4e188678
d23cfecd-d15a-db74-8166-b38a6bdf213d,2003-07-01 10:00:00+0000,"The sailor of legend is framed by the goddess Eris for the theft of the Book of Peace, and must travel to her realm at the end of the world to retrieve it and save the life of his childhood friend Prince Proteus.",http://www.youtube.com/watch?v=bRsdyOck9IY,0,Sinbad -  Legend of the Seven Seas ,,"{'prince', 'prinz', 'water monster'}",9761d3d7-7fbd-4269-9988-6cfd4e188678
cfb3949a-f650-f207-389e-606434191dfe,1954-05-28 10:00:00+0000,"An ex-tennis pro carries out a plot to have his wife murdered after discovering she is having an affair, and assumes she will soon leave him for the other man anyway. When things go wrong, he improvises a new plan - to frame her for murder instead.",http://www.youtube.com/watch?v=IVLTgKsu_8s,0,Dial M for Murder,,"{'adultery', 'blackmail', 'crime', 'evidence', 'husband', 'jealousy', 'letters', 'london', 'love', 'marriage', 'murder', 'película de culto', 'player', 'secret', 'suspense', 'tennis', 'theft', 'visit', 'writer'}",522b1fe2-2e36-4cef-a667-cd4237d08b89
447b3c2f-381b-6a0c-4f3e-0ac513c1181c,1996-08-15 10:00:00+0000,"Steamy erotic thriller centering on Opella and Dan, a couple whose sexual fantasies get so wild, Dan wants to put a stop to them. When Opella is discovered dead, Dan contacts his brother to help him get rid of the body and cover his tracks, but the past soon comes back to haunt him.",http://www.youtube.com/watch?v=ftzeeAHSWQE,0,Depraved,,"{'adultery', 'brother brother relationship', 'impotence', 'stripping'}",d0f60aa8-54a9-4840-b70c-fe562b68842b
c83cec5f-f476-7a3c-42b3-b3164b2cfb08,1957-02-07 08:00:00+0000,"When the first manned flight to Venus returns to Earth, the rocket crash-lands in the Mediterranean near a small Italian fishing village. The locals manage to save one of the astronauts Colonel Calder, the mission commander. A young boy also recovers what turns out to be a specimen of an alien creature. Growing at a fantastic rate, it manages to escape and eventually threatens the city of Rome.",http://www.youtube.com/watch?v=-0Ri8ogJ8q8,0,20 Million Miles to Earth ,,"{'space travel', 'venus the planet'}",9761d3d7-7fbd-4269-9988-6cfd4e188678
8ae94f73-8bf2-5adc-5d85-67463d0b2fac,1999-11-04 08:00:00+0000,Rookie cop Amelia Donaghy reluctantly teams with Lincoln Rhyme -- formerly the department's top homicide detective but now paralyzed as a result of a spinal injury -- to catch a grisly serial killer dubbed The Bone Collector. The murderer's special signature is to leave tantalizing clues based on the grim remains of his crimes.,http://www.youtube.com/watch?v=w4z4Xsp-bos,0,The Bone Collector ,,"{'investigation', 'paraplegic', 'psychopath'}",522b1fe2-2e36-4cef-a667-cd4237d08b89
711399a3-842c-6bc5-67ae-4708073fe6aa,1987-11-12 08:00:00+0000,"By 2017, the global economy has collapsed and American society has become a totalitarian police state, censoring all cultural activity. The government pacifies the populace by broadcasting a number of game shows in which convicted criminals fight for their lives, including the gladiator-style The Running Man, hosted by the ruthless Damon Killian, where “runners” attempt to evade “stalkers” and certain death for a chance to be pardoned and set free.",http://www.youtube.com/watch?v=CpB6AJqjxvs,0,The Running Man,,"{'chase', 'dystopic future', 'game show', 'hunting human beings', 'prison'}",522b1fe2-2e36-4cef-a667-cd4237d08b89
1ed372af-a6ea-b2c1-1136-5a6395651408,2014-07-10 10:00:00+0000,"A group of scientists in San Francisco struggle to stay alive in the aftermath of a plague that is wiping out humanity, while Caesar tries to maintain dominance over his community of intelligent apes.",http://www.youtube.com/watch?v=3wMnftb_RI4,0,Planet of the Apes,,"{'animal attack', 'ape', 'colony', 'forest', 'leader', 'medical research', 'monkey', 'plague', 'post-apocalypse', 'scientist', 'sequel', 'woods'}",522b1fe2-2e36-4cef-a667-cd4237d08b89
67212a6f-e35c-9e29-3b09-3ec47c8873b2,2002-03-03 08:00:00+0000,"Hoping to alter the events of the past, a 19th century inventor instead travels 800,000 years into the future, where he finds humankind divided into two warring races.",http://www.youtube.com/watch?v=90T7iLuzFgg,0,The Time Machine,,"{'future', 'time machine'}",9761d3d7-7fbd-4269-9988-6cfd4e188678
28a83307-00ee-219b-eb4a-ca784b8fe747,1980-12-05 08:00:00+0000,"A serial killer brutally slays and dismembers several gay men in New York's S&amp;M and leather districts. The young police officer Steve Burns is sent undercover onto the streets as decoy for the murderer. Working almost completely isolated from his department, he has to learn and practice the complex rules and signals of this little society.",http://www.youtube.com/watch?v=bn31G2SHkVE,0,Cruising,,"{'detective', 'gay', 'gay scene', 'police', 'sadomasochism', 'serial killer', 'undercover', 'unsimulated sex'}",d0f60aa8-54a9-4840-b70c-fe562b68842b
6d7aa7b0-8082-8dd1-5fd0-244c9bcda30c,2013-08-30 10:00:00+0000,"Jesse Eisenberg, Dakota Fanning, and Peter Sarsgaard star as radical activists surreptitiously plotting to blow up Oregon’s Green Peter Dam in an act of environmental sabotage. As their plan marches inexorably towards fruition, they soon discover that small steps have enormous consequences. \"Old Joy\" and \"Wendy and Lucy\" director Kelly Reichardt crafts another graceful and absorbing film about outsiders searching for a meaningful place on the edges of the system in this atmospheric suspense thriller.",http://www.youtube.com/watch?v=cOPL8PpLZMw,0,Night Moves,,"{'activists', 'woman director'}",d0f60aa8-54a9-4840-b70c-fe562b68842b
f223497f-c4f1-6893-1f46-9c479c5452ae,1958-12-31 08:00:00+0000,"As a youth, Eddie came into the town with his gang to rob the bank, but was caught and convicted. Marshal Ben helped him to become a honorable citizen. Now, many years later, the gang returns to again rob the bank. On their flight they shoot the Marshal. Eddie is the only one to identify the murderer - but is in doubt if he shall be loyal to his new or his old friends.",http://www.youtube.com/watch?v=H214j-qwEOU,0,Good Day for a Hanging,,"{'bank robbery', 'hanging'}",9761d3d7-7fbd-4269-9988-6cfd4e188678
c83f58a7-8d55-4f9e-65a4-8105cdf45d11,1989-12-12 08:00:00+0000,"A ghostwriter finds himself romantically involved with his current wife, a married woman and his long-vanished wife.",http://www.youtube.com/watch?v=vcrpoa_jv1w,0,"Enemies, A Love Story",,"{'jewish', 'survivor'}",9761d3d7-7fbd-4269-9988-6cfd4e188678
e366f426-da4a-7ae0-d669-c47d86d57d2a,1991-11-11 08:00:00+0000,"Follow the adventures of Belle, a bright young woman who finds herself in the castle of a prince who's been turned into a mysterious beast. With the help of the castle's enchanted staff, Belle soon learns the most important lesson of all -- that true beauty comes from within.",http://www.youtube.com/watch?v=tRlzmyveDHE,0,The Beast,,"{'beast', 'belle', 'book', 'castle', 'musical', 'prince', 'princess', 'rose', 'walt disney'}",522b1fe2-2e36-4cef-a667-cd4237d08b89
55137c7e-0e28-69e3-7e2c-721b4f4fd478,1991-12-19 08:00:00+0000,"George Banks is an ordinary, middle-class man whose 21 year-old daughter Annie has decided to marry a man from an upper-class family, but George can't think of what life would be like without his daughter. He becomes slightly insane, but his wife tries to make him happy for Annie, but when the wedding takes place at their home and a foreign wedding planner takes over the ceremony.",http://www.youtube.com/watch?v=bKSmMr0uOHk,0,Father of the Bride,,"{'daughter', 'father-in-law', 'son-in-law', 'trottel', 'wedding'}",9761d3d7-7fbd-4269-9988-6cfd4e188678
0f95a821-c730-a636-3866-aa8edda85a56,2009-12-10 08:00:00+0000,A film about a lifelong love affair between an independent spirit and the woman she calls home.,http://www.youtube.com/watch?v=lOnM3Ttaxv8,0,Hannah Free,,"{'aging', 'lesbian', 'lesbian couple', 'woman director'}",522b1fe2-2e36-4cef-a667-cd4237d08b89
6b58614a-961a-9fc6-b30e-03920cfb406e,2001-10-18 10:00:00+0000,Frederick Abberline is an opium-huffing inspector from Scotland Yard who falls for one of Jack the Ripper's prostitute targets in this Hughes brothers adaption of a graphic novel that posits the Ripper's true identity.,http://www.youtube.com/watch?v=yw8US3gS37w,0,From Hell,,"{'drug addiction', 'jack the ripper', 'loss of family'}",9761d3d7-7fbd-4269-9988-6cfd4e188678
a50546e8-ce8a-e7cb-d46e-0b35050aa293,1985-11-23 08:00:00+0000,"The army of the Marauders, led by by King Terak and the witch Charal attack the Ewoks village. The parents and the brother of Cindel all die in this attack. Cindel and the Ewok Wicket escape and in a forrest they meet Teek a naughty and very fast animal. Teek takes them to a house in which a old man, Noa, lives. Like Cindel he also crashed with his Starcruiser on Endor. Together they fight Terak and Charal.",http://www.youtube.com/watch?v=rI8-FZqz9pk,0,Ewoks - The Battle for Endor ,,"{'coronation', 'fantasy', 'kingdom', 'königshaus', 'liberation', 'miracle', 'phantastic world', 'village', 'Überfall'}",9761d3d7-7fbd-4269-9988-6cfd4e188678
766a4cc3-cac2-1798-6c25-41d156b91874,1968-04-04 08:00:00+0000,"Humanity finds a mysterious object buried beneath the lunar surface and sets off to find its origins with the help of HAL 9000, the world's most advanced super computer.",http://www.youtube.com/watch?v=E8TABIFAN4o,0,2001: A Space Odyssey ,,"{'artificial intelligence', 'astronaut', 'evolution', 'human being', 'jupiter', 'man versus machine', 'monolith', 'moon', 'moon base', 'space mission', 'space station', 'space travel', 'super computer', 'technology'}",522b1fe2-2e36-4cef-a667-cd4237d08b89
0caa368e-e0d7-2566-f8e3-1a4b9757ff2f,1976-11-24 08:00:00+0000,"Half-breed Keoma returns to his border hometown after service in the Civil War and finds it under the control of Caldwell, an ex-Confederate raider, and his vicious gang of thugs. To make matters worse, Keoma's three half-brothers have joined forces with Caldwell, and make it painfully clear that his return is an unwelcome one. Determined to break Caldwell and his brothers' grip on the town, Keoma partners with his father's former ranch hand to exact violent revenge.",http://www.youtube.com/watch?v=fGNBytXK4R4,0,Keoma ,,"{'civil war', 'pile of dead bodies', 'spaghetti western'}",9761d3d7-7fbd-4269-9988-6cfd4e188678
4e7e2cdc-0312-231d-3d9a-00186570b19c,1995-03-27 08:00:00+0000,Two young women bond while living together out in the California desert to be close to their boyfriends who are serving time at the nearby state prison.,http://www.youtube.com/watch?v=xcPQMnmTg6c,0,Across the Moon ,,"{'california', 'prisoner', 'woman director'}",d0f60aa8-54a9-4840-b70c-fe562b68842b
add1068f-bba4-c1cb-4d30-5079a627d03e,1964-12-05 08:00:00+0000,"Sam the snowman tells us the story of a young red-nosed reindeer who, after being ousted from the reindeer games because of his glowing nose, teams up with Hermey, an elf who wants to be a dentist, and Yukon Cornelius, the prospector. They run into the Abominable Snowman and find a whole island of misfit toys. Rudoph vows to see if he can get Santa to help the toys, and he goes back to the North Pole on Christmas Eve. But Santa's sleigh is fogged in. But when Santa looks over Rudolph, he gets a very bright idea...",http://www.youtube.com/watch?v=W6IAY9bSP7s,0,Rudolph the Red-Nosed Reindeer,,"{'adventure', 'christmas', 'kids', 'winter'}",522b1fe2-2e36-4cef-a667-cd4237d08b89
db4717b0-8631-756f-ac6a-b6f9a3bda39c,2008-12-10 08:00:00+0000,"In 1964, a Catholic school nun questions a priest's ambiguous relationship with a troubled young student, suspecting him of abuse. He denies the charges, and much of the film's quick-fire dialogue tackles themes of religion, morality, and authority.",http://www.youtube.com/watch?v=OnrmWLp1Ub8,0,Doubt,,"{'boy', 'compassion', 'gift', 'gossip', 'janitor', 'pedophile', 'sexual abuse', 'singing', 'tolerance', 'wine'}",9761d3d7-7fbd-4269-9988-6cfd4e188678
e5c662a0-fb35-c5c9-d62a-9eb9ef577490,2009-11-05 08:00:00+0000,"Set in Harlem in 1987, claireece \"Precious\" Jones is a 16-year-old African American girl born into a life no one would want. She's pregnant for the second time by her absent father; at home, she must wait hand and foot on her mother, an angry woman who abuses her emotionally and physically. School is chaotic and Precious has reached the ninth grade with good marks and a secret..she can't read.",http://www.youtube.com/watch?v=krQiRIUSZs0,0,Precious,,"{'aids', 'balloon', 'crying', 'illiteracy', 'motorcycle', 'school', 'song', 'unwillingly pregnant'}",d0f60aa8-54a9-4840-b70c-fe562b68842b
326ed915-330d-caae-213c-90f21f090e71,2008-12-31 08:00:00+0000,Ten of Muhammad Ali's former rivals pay tribute to the three-time world heavyweight champion.,http://www.youtube.com/watch?v=Nv6MmUqPNHk,0,Facing Ali,,{'documentary'},522b1fe2-2e36-4cef-a667-cd4237d08b89
ec74f02f-ceaa-1987-3d8f-19c898b0c3f1,2005-03-08 08:00:00+0000,"A police officer is wracked by guilt from a prior stint as a negotiator. When a mafia accountant is taken hostage on his beat, he must negotiate the standoff, even as his own family is held captive by the mob.",http://www.youtube.com/watch?v=8j5BYJKtVc8,0,Hostage,,"{'fbi', 'kidnapper', 'police operation'}",9761d3d7-7fbd-4269-9988-6cfd4e188678
464db021-9f36-1016-3559-4fb19e8ae546,2011-09-26 10:00:00+0000,"Two men come to Gotham City: Bruce Wayne after years abroad feeding his lifelong obsession for justice and Jim Gordon after being too honest a cop with the wrong people elsewhere. After learning painful lessons about the city's corruption on its streets and police department respectively, this pair learn how to fight back their own way. With that, Gotham's evildoers from top to bottom are terrorized by the mysterious Batman and the equally heroic Gordon is assigned to catch him by comrades who both hate and fear him themselves. In the ensuing manhunt, both find much in common as the seeds of an unexpected friendship are laid with additional friends and rivals helping to start the legend.",http://www.youtube.com/watch?v=8o8O3E9XSgo,0,Batman: Year One,,"{'based on comic', 'based on comic book', 'batman', 'catwoman', 'commissioner gordon', 'dc comics', 'graphic novel', 'origin of hero', 'police corruption', 'superhero', 'woman director'}",d0f60aa8-54a9-4840-b70c-fe562b68842b
f880f783-cba4-0700-f10f-934c85c7526a,1982-06-10 10:00:00+0000,A science fiction fairytale about an extra-terrestrial who is left behind on Earth and is found by a young boy who befriends him. This heart-warming fantasy from Director Steven Spielberg became one of the most commercially successful films of all time.,http://www.youtube.com/watch?v=SJM_ArX1bDA,0,E.T. - The Extra-Terrestrial ,,"{'extraterrestrial technology', 'farewell', 'finger', 'flowerpot', 'flying saucer', 'halloween', 'hiding place', 'homesickness', 'loss of father', 'nasa', 'operation', 'prosecution', 'riding a bicycle', 'singles', 'space marine'}",d0f60aa8-54a9-4840-b70c-fe562b68842b
02ae59d0-7bcb-755f-7d07-f0abdaa28b81,1944-07-19 10:00:00+0000,"While husband Tim is away during World War II, Anne Hilton copes with problems on the homefront. Taking in a lodger, Colonel Smollett, to help make ends meet and dealing with shortages and rationing are minor inconveniences compared to the love affair daughter Jane and the Colonel's grandson conduct.",http://www.youtube.com/watch?v=nWrKMV07-5Y,0,Since You Went Away ,,"{'homefront', 'lodger', 'love'}",9761d3d7-7fbd-4269-9988-6cfd4e188678
